1,PROJ-LAK17-1A-1V-1
2,PROJ-LAK17-1A-2V-1
3,PROJ-LAK17-1A-3V-1
4,PROJ-LAK17-1A-4V-1
5,PROJ-LAK17-1A-5V-1
6,PROJ-LAK17-1A-6V-1
7,PROJ-LAK17-1A-7V-1
8,PROJ-LAK17-1A-8V-1
9,PROJ-LAK17-1A-8V-2
10,PROJ-LAK17-1A-9V-1
11,PROJ-LAK17-1A-10V-1
12,PROJ-LAK17-1A-11V-1
13,PROJ-LAK17-1A-12V-1
14,PROJ-LAK17-1A-13V-1
15,PROJ-LAK17-1A-14V-1
16,PROJ-LAK17-1A-15V-1
17,PROJ-LAK17-1A-16V-1
18,PROJ-LAK17-1A-16V-2
19,PROJ-LAK17-1A-17V-1
20,PROJ-LAK17-1A-18V-1
1,PROJ-LAK17-1A-19V-1
2,PROJ-LAK17-1A-19V-2
3,PROJ-LAK17-1A-20V-1
4,PROJ-LAK17-1A-20V-2
5,PROJ-LAK17-1A-21V-1
6,PROJ-LAK17-1A-22V-1
7,PROJ-LAK17-1A-23V-1
8,PROJ-LAK17-1A-24V-1
9,PROJ-LAK17-1A-25V-1
10,PROJ-LAK17-1A-25V-2
11,PROJ-LAK17-1A-26V-1
12,PROJ-LAK17-1A-26V-2
13,PROJ-LAK17-1A-27V-1
14,PROJ-LAK17-1A-28V-1
15,PROJ-LAK17-1A-28V-2
16,PROJ-LAK17-1A-29V-1
17,PROJ-LAK17-1A-30V-1
18,PROJ-LAK17-1A-31V-1
19,PROJ-LAK17-1A-32V-1
20,PROJ-LAK17-1A-33V-1
21,PROJ-LAK17-1A-34V-1
22,PROJ-LAK17-1A-34V-2
23,PROJ-LAK17-1A-35V-1
24,PROJ-LAK17-1A-36V-1
25,PROJ-LAK17-1A-37V-1
26,PROJ-LAK17-1A-37V-2
27,PROJ-LAK17-1A-38V-1
28,PROJ-LAK17-1A-38V-2
29,PROJ-LAK17-1A-39V-1
30,PROJ-LAK17-1A-39V-2
31,PROJ-LAK17-1A-40V-1
32,PROJ-LAK17-1A-40V-2
33,PROJ-LAK17-1A-41V-1
34,PROJ-LAK17-1A-41V-2
35,PROJ-LAK17-1A-42V-1
36,PROJ-LAK17-1A-42V-2
37,PROJ-LAK17-1A-43V-1
38,PROJ-LAK17-1A-43V-2
39,PROJ-LAK17-1A-44V-1
40,PROJ-LAK17-1A-45V-1
41,PROJ-LAK17-1A-45V-2
42,PROJ-LAK17-1A-46V-1
43,PROJ-LAK17-1A-46V-2
44,PROJ-LAK17-1A-47V-1
45,PROJ-LAK17-1A-47V-2
1,PROJ-LAK17-1A-48V-1
2,PROJ-LAK17-1A-48V-2
3,PROJ-LAK17-1A-3V-2
4,PROJ-LAK17-1B-7V-1
5,PROJ-LAK17-1B-8V-1
6,PROJ-LAK17-1B-8V-2
7,PROJ-LAK17-1B-9V-1
8,PROJ-LAK17-1B-9V-2
9,PROJ-LAK17-1B-10V-1
10,PROJ-LAK17-1B-11V-1
11,PROJ-LAK17-1B-12V-1
12,PROJ-LAK17-1B-13V-1
13,PROJ-LAK17-1B-14V-2
14,PROJ-LAK17-1B-15V-1
15,PROJ-LAK17-1B-16V-1
16,PROJ-LAK17-1B-16V-2
17,PROJ-LAK17-1B-17V-1
18,PROJ-LAK17-1B-17V-2
19,PROJ-LAK17-1B-18V-1
20,PROJ-LAK17-1B-18V-2